{"cameraMode":{"drawMode":0,"name":"Shaded","section":"Shading Mode"},"sceneLighting":false,"audioPlay":false,"sceneViewState":{"showFog":true,"showMaterialUpdate":false,"showSkybox":false,"showFlares":true,"showImageEffects":true,"showParticleSystems":true},"in2DMode":false,"pivot":{"x":3.4294040203094484,"y":1.24525785446167,"z":3.702488422393799},"rotation":{"x":0.18785758316516877,"y":0.6623634099960327,"z":-0.1769140660762787,"w":0.7033466696739197},"size":9.741701126098633,"orthographic":false}